{
  "version": 1,
  "author": "Anonymous maker",
  "editor": "wokwi",
  "parts": [
    { "type": "wokwi-breadboard-half", "id": "bb1", "top": 83.4, "left": 118, "attrs": {} },
    { "type": "wokwi-arduino-uno", "id": "uno", "top": 96.6, "left": -221.4, "attrs": {} },
    {
      "type": "wokwi-led",
      "id": "led1",
      "top": 111.6,
      "left": 263,
      "attrs": { "color": "green" }
    },
    {
      "type": "wokwi-resistor",
      "id": "r1",
      "top": 157.55,
      "left": 288,
      "attrs": { "value": "220000" }
    }
  ],
  "connections": [
    [ "bb1:15t.e", "uno:GND.3", "black", [ "v153.6", "h-320.8" ] ],
    [ "led1:A", "bb1:16t.c", "", [ "$bb" ] ],
    [ "led1:C", "bb1:15t.c", "", [ "$bb" ] ],
    [ "uno:4", "bb1:22t.a", "green", [ "v-48", "h71.1" ] ],
    [ "r1:1", "bb1:16t.d", "", [ "$bb" ] ],
    [ "r1:2", "bb1:22t.d", "", [ "$bb" ] ]
  ],
  "dependencies": {}
}